month,zipcode,avg_hours
2024-01,00000,26.76
2024-01,07201,727.2
2024-01,10000,232.81
2024-01,10001,277.11
2024-01,10002,208.12
2024-01,10003,117.2
2024-01,10004,71.92
2024-01,10005,218.54
2024-01,10006,105.3
2024-01,10007,544.78
2024-01,10009,243.16
2024-01,10010,418.01
2024-01,10011,249.98
2024-01,10012,191.38
2024-01,10013,498.98
2024-01,10014,257.07
2024-01,10016,837.42
2024-01,10017,288.59
2024-01,10018,250.73
2024-01,10019,259.85
2024-01,10020,284.67
2024-01,10021,460.74
2024-01,10022,267.04
2024-01,10023,809.26
2024-01,10024,344.88
2024-01,10025,385.02
2024-01,10026,213.49
2024-01,10027,252.76
2024-01,10028,470.68
2024-01,10029,288.34
2024-01,10030,128.34
2024-01,10031,196.66
2024-01,10032,219.44
2024-01,10033,256.09
2024-01,10034,248.61
2024-01,10035,229.57
2024-01,10036,165.58
2024-01,10037,260.57
2024-01,10038,171.68
2024-01,10039,159.04
2024-01,10040,253.24
2024-01,10041,189.22
2024-01,10044,157.07
2024-01,10045,0.27
2024-01,10048,88.52
2024-01,10065,494.46
2024-01,10069,168.74
2024-01,10075,304.39
2024-01,10103,1037.6
2024-01,10105,7.84
2024-01,10106,0.73
2024-01,10107,20.41
2024-01,10111,0.29
2024-01,10112,0.0
2024-01,10118,259.34
2024-01,10119,251.01
2024-01,10120,17.69
2024-01,10121,627.15
2024-01,10128,434.17
2024-01,10151,34.01
2024-01,10153,443.86
2024-01,10154,0.6
2024-01,10155,24.96
2024-01,10162,1859.8
2024-01,10165,840.95
2024-01,10166,6.28
2024-01,10167,31.32
2024-01,10168,97.0
2024-01,10169,11.32
2024-01,10170,51.23
2024-01,10171,2290.93
2024-01,10172,1454.47
2024-01,10178,33.74
2024-01,10179,21.09
2024-01,10271,1.6
2024-01,10278,0.4
2024-01,10279,0.94
2024-01,10280,734.1
2024-01,10281,687.83
2024-01,10282,241.93
2024-01,10301,230.45
2024-01,10302,219.14
2024-01,10303,197.62
2024-01,10304,191.32
2024-01,10305,195.77
2024-01,10306,184.99
2024-01,10307,228.69
2024-01,10308,165.82
2024-01,10309,329.91
2024-01,10310,236.34
2024-01,10312,417.43
2024-01,10314,137.13
2024-01,10451,249.36
2024-01,10452,249.09
2024-01,10453,250.55
2024-01,10454,229.91
2024-01,10455,280.55
2024-01,10456,222.84
2024-01,10457,213.21
2024-01,10458,192.78
2024-01,10459,337.94
2024-01,10460,198.02
2024-01,10461,137.98
2024-01,10462,193.16
2024-01,10463,141.05
2024-01,10464,189.18
2024-01,10465,232.6
2024-01,10466,142.13
2024-01,10467,177.86
2024-01,10468,226.14
2024-01,10469,247.54
2024-01,10470,130.42
2024-01,10471,279.03
2024-01,10472,243.63
2024-01,10473,238.13
2024-01,10474,198.32
2024-01,10475,262.41
2024-01,10522,12.15
2024-01,11001,805.25
2024-01,11004,973.1
2024-01,11005,58.55
2024-01,11040,197.96
2024-01,11101,191.28
2024-01,11102,233.96
2024-01,11103,342.62
2024-01,11104,142.97
2024-01,11105,240.82
2024-01,11106,145.25
2024-01,11109,38.3
2024-01,11201,149.7
2024-01,11203,321.71
2024-01,11204,236.35
2024-01,11205,189.26
2024-01,11206,332.45
2024-01,11207,284.86
2024-01,11208,299.28
2024-01,11209,271.0
2024-01,11210,351.37
2024-01,11211,323.81
2024-01,11212,326.92
2024-01,11213,251.64
2024-01,11214,326.12
2024-01,11215,264.52
2024-01,11216,236.91
2024-01,11217,299.8
2024-01,11218,193.34
2024-01,11219,211.44
2024-01,11220,289.39
2024-01,11221,250.62
2024-01,11222,212.77
2024-01,11223,144.98
2024-01,11224,206.43
2024-01,11225,363.73
2024-01,11226,211.49
2024-01,11228,275.72
2024-01,11229,257.38
2024-01,11230,197.85
2024-01,11231,334.1
2024-01,11232,633.91
2024-01,11233,272.11
2024-01,11234,550.95
2024-01,11235,222.93
2024-01,11236,290.15
2024-01,11237,371.84
2024-01,11238,440.68
2024-01,11239,64.5
2024-01,11241,208.97
2024-01,11242,737.12
2024-01,11249,247.84
2024-01,11251,46.25
2024-01,11354,314.96
2024-01,11355,228.92
2024-01,11356,76.08
2024-01,11357,821.13
2024-01,11358,376.65
2024-01,11359,1718.99
2024-01,11360,482.44
2024-01,11361,421.17
2024-01,11362,599.75
2024-01,11363,556.04
2024-01,11364,527.82
2024-01,11365,199.67
2024-01,11366,80.0
2024-01,11367,390.45
2024-01,11368,119.25
2024-01,11369,219.02
2024-01,11370,226.87
2024-01,11372,184.31
2024-01,11373,148.04
2024-01,11374,286.74
2024-01,11375,175.05
2024-01,11377,156.7
2024-01,11378,111.86
2024-01,11379,303.37
2024-01,11385,262.7
2024-01,11411,303.61
2024-01,11412,205.66
2024-01,11413,335.25
2024-01,11414,1270.64
2024-01,11415,186.43
2024-01,11416,131.75
2024-01,11417,259.69
2024-01,11418,210.37
2024-01,11419,359.3
2024-01,11420,305.1
2024-01,11421,181.93
2024-01,11422,335.75
2024-01,11423,137.92
2024-01,11426,409.23
2024-01,11427,209.36
2024-01,11428,393.42
2024-01,11429,129.92
2024-01,11430,934.49
2024-01,11432,198.13
2024-01,11433,209.25
2024-01,11434,501.24
2024-01,11435,182.35
2024-01,11436,159.57
2024-01,11554,735.3
2024-01,11572,738.8
2024-01,11691,265.39
2024-01,11692,257.27
2024-01,11693,226.38
2024-01,11694,287.43
2024-01,11697,62.52
2024-01,11704,737.86
2024-01,11725,22.61
2024-01,11747,22.55
2024-01,11751,71.15
2024-01,11801,782.65
2024-01,12212,757.35
2024-01,12345,108.96
2024-01,14606,337.84
2024-01,28590,101.77
2024-01,56377,729.54
2024-01,77450,734.37
2024-01,84117,24.27
2024-02,02062,735.91
2024-02,10000,823.24
2024-02,10001,253.55
2024-02,10002,197.4
2024-02,10003,241.51
2024-02,10004,141.84
2024-02,10005,139.67
2024-02,10006,210.04
2024-02,10007,111.62
2024-02,10009,193.21
2024-02,10010,350.3
2024-02,10011,210.48
2024-02,10012,222.03
2024-02,10013,298.72
2024-02,10014,336.83
2024-02,10016,794.31
2024-02,10017,340.39
2024-02,10018,245.58
2024-02,10019,256.63
2024-02,10020,328.65
2024-02,10021,481.8
2024-02,10022,327.53
2024-02,10023,581.05
2024-02,10024,413.95
2024-02,10025,472.15
2024-02,10026,263.74
2024-02,10027,227.47
2024-02,10028,409.47
2024-02,10029,323.6
2024-02,10030,280.67
2024-02,10031,207.78
2024-02,10032,329.82
2024-02,10033,356.49
2024-02,10034,316.03
2024-02,10035,658.16
2024-02,10036,289.91
2024-02,10037,265.37
2024-02,10038,159.75
2024-02,10039,212.72
2024-02,10040,282.22
2024-02,10041,154.83
2024-02,10044,228.1
2024-02,10045,0.46
2024-02,10048,1.07
2024-02,10065,386.66
2024-02,10069,161.51
2024-02,10075,218.76
2024-02,10103,431.72
2024-02,10105,855.72
2024-02,10106,0.48
2024-02,10107,1.12
2024-02,10110,4.5
2024-02,10111,0.48
2024-02,10115,0.37
2024-02,10118,12.89
2024-02,10119,889.34
2024-02,10120,0.83
2024-02,10121,869.81
2024-02,10122,0.28
2024-02,10123,120.58
2024-02,10128,434.79
2024-02,10152,1159.57
2024-02,10153,196.63
2024-02,10162,38.41
2024-02,10165,1013.62
2024-02,10166,0.51
2024-02,10167,1.63
2024-02,10168,0.69
2024-02,10169,34.41
2024-02,10171,290.24
2024-02,10172,2258.93
2024-02,10173,0.4
2024-02,10174,1.51
2024-02,10176,296.0
2024-02,10178,976.26
2024-02,10179,15.65
2024-02,10271,1.54
2024-02,10278,7.67
2024-02,10279,98.42
2024-02,10280,371.18
2024-02,10281,1811.77
2024-02,10282,704.24
2024-02,10301,211.76
2024-02,10302,480.75
2024-02,10303,398.76
2024-02,10304,321.1
2024-02,10305,231.57
2024-02,10306,317.97
2024-02,10307,193.73
2024-02,10308,423.08
2024-02,10309,161.5
2024-02,10310,368.02
2024-02,10312,336.78
2024-02,10314,276.42
2024-02,10451,310.43
2024-02,10452,250.95
2024-02,10453,290.21
2024-02,10454,327.01
2024-02,10455,409.17
2024-02,10456,286.67
2024-02,10457,269.77
2024-02,10458,275.51
2024-02,10459,332.35
2024-02,10460,302.12
2024-02,10461,101.63
2024-02,10462,267.35
2024-02,10463,203.36
2024-02,10464,138.26
2024-02,10465,147.38
2024-02,10466,441.72
2024-02,10467,481.81
2024-02,10468,250.1
2024-02,10469,381.75
2024-02,10470,172.05
2024-02,10471,280.71
2024-02,10472,237.73
2024-02,10473,188.7
2024-02,10474,369.15
2024-02,10475,392.19
2024-02,10804,23.01
2024-02,11001,679.25
2024-02,11004,867.45
2024-02,11005,30.44
2024-02,11040,51.78
2024-02,11101,219.92
2024-02,11102,295.86
2024-02,11103,195.53
2024-02,11104,253.65
2024-02,11105,243.0
2024-02,11106,171.9
2024-02,11109,257.91
2024-02,11201,150.38
2024-02,11203,401.37
2024-02,11204,274.66
2024-02,11205,227.44
2024-02,11206,323.91
2024-02,11207,348.3
2024-02,11208,258.29
2024-02,11209,366.04
2024-02,11210,372.17
2024-02,11211,399.29
2024-02,11212,380.43
2024-02,11213,263.17
2024-02,11214,235.33
2024-02,11215,219.36
2024-02,11216,286.46
2024-02,11217,271.26
2024-02,11218,225.98
2024-02,11219,281.11
2024-02,11220,257.09
2024-02,11221,304.28
2024-02,11222,193.66
2024-02,11223,202.66
2024-02,11224,212.12
2024-02,11225,273.54
2024-02,11226,344.69
2024-02,11228,268.96
2024-02,11229,171.69
2024-02,11230,258.32
2024-02,11231,379.79
2024-02,11232,248.27
2024-02,11233,309.43
2024-02,11234,244.64
2024-02,11235,119.59
2024-02,11236,384.04
2024-02,11237,377.74
2024-02,11238,419.86
2024-02,11239,41.17
2024-02,11241,9.14
2024-02,11249,340.61
2024-02,11251,5.21
2024-02,11354,509.51
2024-02,11355,204.12
2024-02,11356,469.79
2024-02,11357,1329.53
2024-02,11358,483.24
2024-02,11359,9.54
2024-02,11360,594.61
2024-02,11361,946.33
2024-02,11362,678.3
2024-02,11363,615.01
2024-02,11364,1759.86
2024-02,11365,294.51
2024-02,11366,111.97
2024-02,11367,744.84
2024-02,11368,131.22
2024-02,11369,358.28
2024-02,11370,414.2
2024-02,11371,35.41
2024-02,11372,312.49
2024-02,11373,172.97
2024-02,11374,385.45
2024-02,11375,275.75
2024-02,11377,280.24
2024-02,11378,380.86
2024-02,11379,454.99
2024-02,11385,252.49
2024-02,11411,185.58
2024-02,11412,707.26
2024-02,11413,809.91
2024-02,11414,2196.11
2024-02,11415,592.97
2024-02,11416,668.45
2024-02,11417,692.64
2024-02,11418,506.86
2024-02,11419,620.8
2024-02,11420,1402.52
2024-02,11421,687.53
2024-02,11422,631.94
2024-02,11423,314.26
2024-02,11426,372.25
2024-02,11427,546.38
2024-02,11428,441.83
2024-02,11429,291.07
2024-02,11430,1324.44
2024-02,11432,317.37
2024-02,11433,221.03
2024-02,11434,1118.18
2024-02,11435,347.41
2024-02,11436,617.1
2024-02,11590,4415.54
2024-02,11691,257.65
2024-02,11692,166.11
2024-02,11693,542.06
2024-02,11694,307.47
2024-02,11697,73.65
2024-02,11706,731.69
2024-02,11735,734.91
2024-02,11753,755.35
2024-02,12345,20.72
2024-02,33394,20.08
2024-02,33496,735.75
2024-02,56377,383.84
2024-02,77478,68.43
2024-02,95834,5063.89
2024-03,07110,18.78
2024-03,07728,11.77
2024-03,10000,503.07
2024-03,10001,284.44
2024-03,10002,215.54
2024-03,10003,359.55
2024-03,10004,128.72
2024-03,10005,207.67
2024-03,10006,68.42
2024-03,10007,156.43
2024-03,10009,272.57
2024-03,10010,433.16
2024-03,10011,215.11
2024-03,10012,296.66
2024-03,10013,192.06
2024-03,10014,238.78
2024-03,10016,423.86
2024-03,10017,339.98
2024-03,10018,257.13
2024-03,10019,199.91
2024-03,10020,485.2
2024-03,10021,379.26
2024-03,10022,463.92
2024-03,10023,597.1
2024-03,10024,233.01
2024-03,10025,319.77
2024-03,10026,373.33
2024-03,10027,361.6
2024-03,10028,285.01
2024-03,10029,275.26
2024-03,10030,215.13
2024-03,10031,196.66
2024-03,10032,214.1
2024-03,10033,302.29
2024-03,10034,224.32
2024-03,10035,325.53
2024-03,10036,261.67
2024-03,10037,270.21
2024-03,10038,207.84
2024-03,10039,369.63
2024-03,10040,216.33
2024-03,10041,23.24
2024-03,10044,256.67
2024-03,10045,47.54
2024-03,10048,41.84
2024-03,10055,13.45
2024-03,10065,359.29
2024-03,10069,86.93
2024-03,10075,272.82
2024-03,10103,845.46
2024-03,10105,35.23
2024-03,10106,0.16
2024-03,10107,0.79
2024-03,10110,0.3
2024-03,10111,31.7
2024-03,10112,277.1
2024-03,10115,142.9
2024-03,10118,0.0
2024-03,10119,140.55
2024-03,10120,0.35
2024-03,10121,1141.53
2024-03,10123,3.18
2024-03,10128,219.29
2024-03,10152,854.87
2024-03,10153,9.94
2024-03,10154,15.83
2024-03,10158,0.19
2024-03,10165,2.45
2024-03,10167,20.45
2024-03,10168,63.6
2024-03,10169,21.93
2024-03,10170,3.87
2024-03,10171,31.81
2024-03,10172,35.66
2024-03,10173,1328.93
2024-03,10174,0.71
2024-03,10175,1.06
2024-03,10176,1181.24
2024-03,10178,1451.78
2024-03,10271,1.46
2024-03,10278,6.91
2024-03,10279,84.71
2024-03,10280,355.58
2024-03,10281,1.11
2024-03,10282,86.66
2024-03,10301,487.34
2024-03,10302,375.39
2024-03,10303,368.16
2024-03,10304,367.02
2024-03,10305,323.32
2024-03,10306,358.38
2024-03,10307,364.12
2024-03,10308,356.67
2024-03,10309,294.68
2024-03,10310,321.81
2024-03,10312,336.75
2024-03,10314,310.86
2024-03,10451,271.4
2024-03,10452,221.0
2024-03,10453,255.54
2024-03,10454,270.82
2024-03,10455,287.36
2024-03,10456,271.45
2024-03,10457,237.48
2024-03,10458,301.5
2024-03,10459,230.17
2024-03,10460,295.71
2024-03,10461,101.62
2024-03,10462,183.56
2024-03,10463,157.28
2024-03,10464,208.1
2024-03,10465,72.11
2024-03,10466,196.88
2024-03,10467,249.93
2024-03,10468,245.1
2024-03,10469,233.59
2024-03,10470,226.32
2024-03,10471,261.19
2024-03,10472,223.63
2024-03,10473,146.65
2024-03,10474,206.65
2024-03,10475,204.32
2024-03,11001,543.08
2024-03,11004,547.84
2024-03,11005,141.25
2024-03,11040,878.9
2024-03,11101,189.02
2024-03,11102,242.22
2024-03,11103,173.56
2024-03,11104,327.0
2024-03,11105,227.42
2024-03,11106,182.63
2024-03,11109,7.13
2024-03,11201,263.81
2024-03,11203,292.32
2024-03,11204,263.2
2024-03,11205,241.76
2024-03,11206,369.49
2024-03,11207,225.05
2024-03,11208,207.61
2024-03,11209,207.79
2024-03,11210,457.05
2024-03,11211,358.99
2024-03,11212,380.02
2024-03,11213,456.05
2024-03,11214,199.6
2024-03,11215,367.46
2024-03,11216,441.23
2024-03,11217,266.28
2024-03,11218,269.84
2024-03,11219,245.59
2024-03,11220,300.73
2024-03,11221,523.43
2024-03,11222,177.29
2024-03,11223,373.5
2024-03,11224,468.82
2024-03,11225,292.21
2024-03,11226,305.76
2024-03,11228,245.49
2024-03,11229,430.15
2024-03,11230,210.38
2024-03,11231,305.43
2024-03,11232,285.92
2024-03,11233,397.43
2024-03,11234,186.45
2024-03,11235,680.61
2024-03,11236,201.84
2024-03,11237,423.61
2024-03,11238,346.62
2024-03,11239,55.08
2024-03,11241,921.89
2024-03,11242,8.94
2024-03,11249,264.61
2024-03,11251,0.39
2024-03,11354,497.18
2024-03,11355,341.76
2024-03,11356,249.97
2024-03,11357,942.31
2024-03,11358,683.06
2024-03,11359,0.35
2024-03,11360,321.52
2024-03,11361,365.73
2024-03,11362,747.74
2024-03,11363,421.97
2024-03,11364,415.64
2024-03,11365,400.44
2024-03,11366,67.94
2024-03,11367,392.37
2024-03,11368,167.99
2024-03,11369,369.71
2024-03,11370,174.13
2024-03,11371,397.59
2024-03,11372,216.56
2024-03,11373,200.12
2024-03,11374,355.47
2024-03,11375,195.53
2024-03,11377,171.51
2024-03,11378,161.49
2024-03,11379,234.39
2024-03,11385,280.41
2024-03,11411,431.49
2024-03,11412,313.43
2024-03,11413,363.77
2024-03,11414,655.97
2024-03,11415,291.2
2024-03,11416,129.91
2024-03,11417,330.72
2024-03,11418,241.04
2024-03,11419,231.9
2024-03,11420,420.82
2024-03,11421,172.67
2024-03,11422,306.24
2024-03,11423,399.2
2024-03,11426,452.07
2024-03,11427,697.66
2024-03,11428,478.51
2024-03,11429,430.46
2024-03,11430,1440.68
2024-03,11432,349.11
2024-03,11433,208.73
2024-03,11434,338.47
2024-03,11435,194.55
2024-03,11436,207.96
2024-03,11553,783.89
2024-03,11575,93.93
2024-03,11691,288.67
2024-03,11692,273.98
2024-03,11693,148.99
2024-03,11694,348.99
2024-03,11697,186.99
2024-03,11735,732.79
2024-03,11791,762.17
2024-03,15212,733.67
2024-03,17110,732.24
2024-03,17606,732.46
2024-03,19034,747.4
2024-03,92879,78.49
2024-04,00083,18.47
2024-04,07081,10824.55
2024-04,07083,734.12
2024-04,07660,356.77
2024-04,10000,217.41
2024-04,10001,283.81
2024-04,10002,291.78
2024-04,10003,404.82
2024-04,10004,67.85
2024-04,10005,159.39
2024-04,10006,77.52
2024-04,10007,238.32
2024-04,10009,436.02
2024-04,10010,347.15
2024-04,10011,499.41
2024-04,10012,337.71
2024-04,10013,420.82
2024-04,10014,359.23
2024-04,10016,314.68
2024-04,10017,230.26
2024-04,10018,304.31
2024-04,10019,372.47
2024-04,10020,501.97
2024-04,10021,456.9
2024-04,10022,316.01
2024-04,10023,301.79
2024-04,10024,444.46
2024-04,10025,398.14
2024-04,10026,401.69
2024-04,10027,446.43
2024-04,10028,266.02
2024-04,10029,398.96
2024-04,10030,528.76
2024-04,10031,554.26
2024-04,10032,328.43
2024-04,10033,334.62
2024-04,10034,265.14
2024-04,10035,283.5
2024-04,10036,528.02
2024-04,10037,480.59
2024-04,10038,156.16
2024-04,10039,405.28
2024-04,10040,238.47
2024-04,10041,1454.24
2024-04,10044,286.84
2024-04,10045,1.62
2024-04,10065,467.1
2024-04,10069,507.69
2024-04,10075,391.41
2024-04,10103,1051.8
2024-04,10105,463.39
2024-04,10106,7.56
2024-04,10107,5.7
2024-04,10110,100.93
2024-04,10112,56.63
2024-04,10115,230.69
2024-04,10118,143.14
2024-04,10119,33.95
2024-04,10120,3.16
2024-04,10121,228.33
2024-04,10123,2299.06
2024-04,10128,373.94
2024-04,10153,2173.18
2024-04,10154,1.67
2024-04,10158,0.26
2024-04,10162,35.02
2024-04,10167,0.54
2024-04,10168,474.41
2024-04,10169,114.93
2024-04,10170,12.87
2024-04,10172,1369.94
2024-04,10173,7878.09
2024-04,10174,0.23
2024-04,10175,0.94
2024-04,10176,0.17
2024-04,10177,3.99
2024-04,10178,0.24
2024-04,10179,105.64
2024-04,10271,1.43
2024-04,10278,160.39
2024-04,10279,421.69
2024-04,10280,270.51
2024-04,10281,15.6
2024-04,10282,160.38
2024-04,10301,242.66
2024-04,10302,319.4
2024-04,10303,395.34
2024-04,10304,274.17
2024-04,10305,136.32
2024-04,10306,181.13
2024-04,10307,260.16
2024-04,10308,389.84
2024-04,10309,198.58
2024-04,10310,260.22
2024-04,10312,397.69
2024-04,10314,349.55
2024-04,10451,263.33
2024-04,10452,309.81
2024-04,10453,279.02
2024-04,10454,404.47
2024-04,10455,291.81
2024-04,10456,231.51
2024-04,10457,218.71
2024-04,10458,269.07
2024-04,10459,277.12
2024-04,10460,273.54
2024-04,10461,149.84
2024-04,10462,216.62
2024-04,10463,180.36
2024-04,10464,53.89
2024-04,10465,124.13
2024-04,10466,238.26
2024-04,10467,314.82
2024-04,10468,261.61
2024-04,10469,196.33
2024-04,10470,169.95
2024-04,10471,138.34
2024-04,10472,166.23
2024-04,10473,173.54
2024-04,10474,190.66
2024-04,10475,146.99
2024-04,10573,1080.74
2024-04,10803,381.57
2024-04,10956,713.52
2024-04,11001,579.34
2024-04,11004,823.28
2024-04,11005,144.17
2024-04,11021,1.59
2024-04,11040,163.78
2024-04,11096,737.07
2024-04,11101,292.52
2024-04,11102,817.77
2024-04,11103,236.33
2024-04,11104,467.49
2024-04,11105,497.75
2024-04,11106,545.45
2024-04,11109,92.88
2024-04,11201,220.85
2024-04,11203,417.24
2024-04,11204,263.53
2024-04,11205,312.53
2024-04,11206,325.2
2024-04,11207,441.93
2024-04,11208,308.21
2024-04,11209,226.87
2024-04,11210,451.33
2024-04,11211,341.43
2024-04,11212,463.66
2024-04,11213,414.12
2024-04,11214,174.82
2024-04,11215,344.96
2024-04,11216,402.1
2024-04,11217,309.73
2024-04,11218,200.16
2024-04,11219,281.19
2024-04,11220,202.74
2024-04,11221,268.78
2024-04,11222,147.42
2024-04,11223,193.22
2024-04,11224,256.9
2024-04,11225,362.3
2024-04,11226,365.66
2024-04,11228,157.9
2024-04,11229,208.85
2024-04,11230,285.99
2024-04,11231,252.09
2024-04,11232,187.08
2024-04,11233,429.72
2024-04,11234,319.94
2024-04,11235,205.45
2024-04,11236,350.86
2024-04,11237,370.62
2024-04,11238,485.06
2024-04,11239,45.81
2024-04,11241,178.97
2024-04,11242,0.67
2024-04,11249,201.9
2024-04,11251,2.68
2024-04,11354,500.77
2024-04,11355,308.07
2024-04,11356,531.99
2024-04,11357,794.86
2024-04,11358,610.22
2024-04,11359,472.09
2024-04,11360,268.92
2024-04,11361,321.38
2024-04,11362,492.97
2024-04,11363,1205.65
2024-04,11364,260.31
2024-04,11365,634.23
2024-04,11366,241.02
2024-04,11367,501.47
2024-04,11368,290.12
2024-04,11369,422.74
2024-04,11370,507.25
2024-04,11371,19.82
2024-04,11372,301.19
2024-04,11373,906.29
2024-04,11374,456.18
2024-04,11375,495.55
2024-04,11377,336.99
2024-04,11378,211.5
2024-04,11379,434.63
2024-04,11385,396.35
2024-04,11411,455.06
2024-04,11412,687.38
2024-04,11413,839.76
2024-04,11414,314.16
2024-04,11415,241.16
2024-04,11416,169.54
2024-04,11417,335.55
2024-04,11418,224.61
2024-04,11419,234.71
2024-04,11420,225.61
2024-04,11421,169.78
2024-04,11422,841.53
2024-04,11423,630.0
2024-04,11426,819.89
2024-04,11427,205.84
2024-04,11428,275.39
2024-04,11429,334.8
2024-04,11430,1263.52
2024-04,11432,253.32
2024-04,11433,492.16
2024-04,11434,927.82
2024-04,11435,298.35
2024-04,11436,516.34
2024-04,11561,913.93
2024-04,11572,752.32
2024-04,11590,730.87
2024-04,11691,644.0
2024-04,11692,678.57
2024-04,11693,530.94
2024-04,11694,1112.65
2024-04,11697,665.68
2024-04,11791,111.39
2024-04,12345,750.69
2024-04,19013,601.53
2024-04,55439,398.73
2024-04,56377,733.47
2024-04,63640,734.8
2024-04,76096,237.14
2024-04,95128,21.22
2024-04,NA,103.53
2024-05,02184,743.39
2024-05,07662,915.79
2024-05,10000,352.53
2024-05,10001,239.33
2024-05,10002,239.61
2024-05,10003,308.34
2024-05,10004,55.15
2024-05,10005,70.41
2024-05,10006,36.53
2024-05,10007,127.26
2024-05,10009,252.17
2024-05,10010,414.47
2024-05,10011,234.69
2024-05,10012,195.17
2024-05,10013,184.83
2024-05,10014,201.93
2024-05,10016,280.41
2024-05,10017,276.5
2024-05,10018,229.9
2024-05,10019,268.24
2024-05,10020,459.16
2024-05,10021,470.99
2024-05,10022,250.59
2024-05,10023,347.69
2024-05,10024,260.54
2024-05,10025,352.89
2024-05,10026,346.14
2024-05,10027,306.8
2024-05,10028,448.37
2024-05,10029,362.06
2024-05,10030,446.61
2024-05,10031,296.32
2024-05,10032,370.47
2024-05,10033,500.04
2024-05,10034,344.46
2024-05,10035,351.6
2024-05,10036,356.07
2024-05,10037,409.1
2024-05,10038,121.28
2024-05,10039,463.91
2024-05,10040,345.95
2024-05,10041,68.78
2024-05,10044,55.84
2024-05,10045,0.82
2024-05,10055,0.0
2024-05,10065,395.99
2024-05,10069,79.6
2024-05,10075,451.54
2024-05,10103,654.55
2024-05,10105,687.94
2024-05,10106,13.97
2024-05,10110,1.07
2024-05,10111,0.38
2024-05,10112,56.87
2024-05,10115,104.02
2024-05,10118,172.17
2024-05,10119,48.78
2024-05,10120,0.75
2024-05,10121,493.36
2024-05,10123,71.26
2024-05,10128,442.96
2024-05,10151,0.67
2024-05,10152,1.59
2024-05,10153,489.08
2024-05,10154,11.86
2024-05,10158,0.34
2024-05,10162,108.96
2024-05,10167,2.94
2024-05,10168,53.27
2024-05,10169,35.06
2024-05,10170,46.01
2024-05,10171,2202.56
2024-05,10172,37.75
2024-05,10174,0.28
2024-05,10175,0.68
2024-05,10271,1.27
2024-05,10278,0.58
2024-05,10279,109.99
2024-05,10280,164.19
2024-05,10281,34.94
2024-05,10282,14.54
2024-05,10301,295.11
2024-05,10302,583.39
2024-05,10303,307.35
2024-05,10304,280.4
2024-05,10305,157.87
2024-05,10306,345.63
2024-05,10307,213.72
2024-05,10308,353.9
2024-05,10309,245.8
2024-05,10310,456.08
2024-05,10312,328.32
2024-05,10314,367.56
2024-05,10451,276.26
2024-05,10452,293.65
2024-05,10453,335.99
2024-05,10454,184.89
2024-05,10455,240.73
2024-05,10456,276.57
2024-05,10457,245.46
2024-05,10458,331.0
2024-05,10459,346.61
2024-05,10460,272.89
2024-05,10461,137.18
2024-05,10462,192.68
2024-05,10463,211.89
2024-05,10464,138.12
2024-05,10465,97.68
2024-05,10466,205.51
2024-05,10467,229.86
2024-05,10468,244.84
2024-05,10469,164.9
2024-05,10470,125.42
2024-05,10471,127.84
2024-05,10472,279.14
2024-05,10473,189.34
2024-05,10474,247.96
2024-05,10475,206.32
2024-05,10601,851.31
2024-05,10701,733.28
2024-05,10705,815.4
2024-05,11001,1220.81
2024-05,11003,16.6
2024-05,11004,340.64
2024-05,11005,10.04
2024-05,11040,230.19
2024-05,11101,180.61
2024-05,11102,355.78
2024-05,11103,238.17
2024-05,11104,258.5
2024-05,11105,343.51
2024-05,11106,299.81
2024-05,11109,65.11
2024-05,11201,132.91
2024-05,11203,370.86
2024-05,11204,137.0
2024-05,11205,201.2
2024-05,11206,380.8
2024-05,11207,515.8
2024-05,11208,376.01
2024-05,11209,245.45
2024-05,11210,417.44
2024-05,11211,378.02
2024-05,11212,421.64
2024-05,11213,332.38
2024-05,11214,184.82
2024-05,11215,176.19
2024-05,11216,293.84
2024-05,11217,194.17
2024-05,11218,235.92
2024-05,11219,224.93
2024-05,11220,207.19
2024-05,11221,522.07
2024-05,11222,196.0
2024-05,11223,157.67
2024-05,11224,190.74
2024-05,11225,259.34
2024-05,11226,397.41
2024-05,11228,194.31
2024-05,11229,205.48
2024-05,11230,293.84
2024-05,11231,213.75
2024-05,11232,182.97
2024-05,11233,403.91
2024-05,11234,176.62
2024-05,11235,136.05
2024-05,11236,249.2
2024-05,11237,677.36
2024-05,11238,310.81
2024-05,11239,59.23
2024-05,11241,362.95
2024-05,11242,72.66
2024-05,11249,320.18
2024-05,11251,0.74
2024-05,11354,485.71
2024-05,11355,357.28
2024-05,11356,158.68
2024-05,11357,380.58
2024-05,11358,776.37
2024-05,11359,244.92
2024-05,11360,710.54
2024-05,11361,345.35
2024-05,11362,285.51
2024-05,11363,184.54
2024-05,11364,812.57
2024-05,11365,322.76
2024-05,11366,67.6
2024-05,11367,412.41
2024-05,11368,186.0
2024-05,11369,308.78
2024-05,11370,272.75
2024-05,11371,69.74
2024-05,11372,211.94
2024-05,11373,340.19
2024-05,11374,207.67
2024-05,11375,342.21
2024-05,11377,212.17
2024-05,11378,136.9
2024-05,11379,383.48
2024-05,11385,394.85
2024-05,11411,273.5
2024-05,11412,259.51
2024-05,11413,272.06
2024-05,11414,566.45
2024-05,11415,448.58
2024-05,11416,387.64
2024-05,11417,316.53
2024-05,11418,220.22
2024-05,11419,252.04
2024-05,11420,194.52
2024-05,11421,224.0
2024-05,11422,420.48
2024-05,11423,302.22
2024-05,11426,441.35
2024-05,11427,316.76
2024-05,11428,171.83
2024-05,11429,291.24
2024-05,11430,1211.02
2024-05,11432,201.43
2024-05,11433,420.37
2024-05,11434,341.1
2024-05,11435,281.3
2024-05,11436,181.83
2024-05,11572,2039.51
2024-05,11691,403.85
2024-05,11692,517.08
2024-05,11693,304.46
2024-05,11694,846.53
2024-05,11697,174.74
2024-05,11703,747.92
2024-05,11709,782.29
2024-05,11726,15.05
2024-05,11791,22.05
2024-05,11798,0.74
2024-05,11801,782.54
2024-05,12345,2.49
2024-05,13850,18.06
2024-05,14221,735.39
2024-05,17110,735.46
2024-05,19034,733.4
2024-05,55343,751.87
2024-05,85252,26.77
2024-05,92108,783.05
2024-06,06468,1683.83
2024-06,08332,733.04
2024-06,10000,1161.51
2024-06,10001,2305.95
2024-06,10002,1664.51
2024-06,10003,2698.74
2024-06,10004,1175.61
2024-06,10005,1130.07
2024-06,10006,699.88
2024-06,10007,2122.31
2024-06,10009,1875.85
2024-06,10010,2453.47
2024-06,10011,3193.92
2024-06,10012,2275.42
2024-06,10013,3079.87
2024-06,10014,2459.12
2024-06,10016,2070.9
2024-06,10017,2353.98
2024-06,10018,2316.23
2024-06,10019,2544.27
2024-06,10020,3193.35
2024-06,10021,2956.18
2024-06,10022,2945.68
2024-06,10023,1849.4
2024-06,10024,2225.41
2024-06,10025,1552.83
2024-06,10026,1395.8
2024-06,10027,1147.35
2024-06,10028,2145.0
2024-06,10029,1268.12
2024-06,10030,896.21
2024-06,10031,1297.69
2024-06,10032,830.74
2024-06,10033,1192.73
2024-06,10034,979.75
2024-06,10035,1008.72
2024-06,10036,2732.76
2024-06,10037,933.76
2024-06,10038,2148.75
2024-06,10039,920.15
2024-06,10040,867.14
2024-06,10041,5686.92
2024-06,10044,3508.59
2024-06,10045,18.65
2024-06,10048,3624.52
2024-06,10065,1772.28
2024-06,10069,828.82
2024-06,10075,2299.64
2024-06,10103,240.38
2024-06,10105,2164.87
2024-06,10106,573.5
2024-06,10107,104.8
2024-06,10110,1.05
2024-06,10111,12967.54
2024-06,10112,4173.47
2024-06,10115,0.46
2024-06,10118,5191.76
2024-06,10119,3507.94
2024-06,10120,424.49
2024-06,10121,3388.69
2024-06,10122,730.06
2024-06,10123,577.7
2024-06,10128,3312.28
2024-06,10151,160.81
2024-06,10152,2502.28
2024-06,10153,3605.83
2024-06,10155,18088.36
2024-06,10158,860.05
2024-06,10162,1.83
2024-06,10165,2306.78
2024-06,10166,51.03
2024-06,10167,3288.94
2024-06,10168,2891.21
2024-06,10169,468.82
2024-06,10170,8657.53
2024-06,10171,9589.87
2024-06,10172,1.78
2024-06,10173,52.17
2024-06,10174,1.06
2024-06,10176,0.81
2024-06,10177,3232.4
2024-06,10178,0.9
2024-06,10179,0.89
2024-06,10271,1.46
2024-06,10278,1115.33
2024-06,10279,11121.77
2024-06,10280,1187.07
2024-06,10281,1655.64
2024-06,10282,1751.79
2024-06,10301,1051.7
2024-06,10302,1698.72
2024-06,10303,716.44
2024-06,10304,863.13
2024-06,10305,882.54
2024-06,10306,932.6
2024-06,10307,781.03
2024-06,10308,1148.21
2024-06,10309,653.8
2024-06,10310,937.88
2024-06,10312,688.09
2024-06,10314,1032.58
2024-06,10451,1110.86
2024-06,10452,672.16
2024-06,10453,788.22
2024-06,10454,910.74
2024-06,10455,1132.72
2024-06,10456,680.56
2024-06,10457,698.42
2024-06,10458,748.24
2024-06,10459,763.43
2024-06,10460,859.76
2024-06,10461,843.39
2024-06,10462,1064.3
2024-06,10463,643.31
2024-06,10464,912.97
2024-06,10465,879.85
2024-06,10466,456.44
2024-06,10467,632.81
2024-06,10468,540.35
2024-06,10469,764.29
2024-06,10470,491.78
2024-06,10471,689.96
2024-06,10472,1016.6
2024-06,10473,893.56
2024-06,10474,460.02
2024-06,10475,1863.56
2024-06,11001,515.47
2024-06,11004,2269.58
2024-06,11005,3284.71
2024-06,11040,1373.15
2024-06,11101,1149.48
2024-06,11102,1135.07
2024-06,11103,2570.53
2024-06,11104,1548.23
2024-06,11105,1718.89
2024-06,11106,1519.47
2024-06,11109,1374.26
2024-06,11201,1222.8
2024-06,11203,915.29
2024-06,11204,865.62
2024-06,11205,785.14
2024-06,11206,1358.55
2024-06,11207,997.73
2024-06,11208,645.86
2024-06,11209,2014.49
2024-06,11210,1176.45
2024-06,11211,1487.57
2024-06,11212,1206.49
2024-06,11213,1174.93
2024-06,11214,977.02
2024-06,11215,1621.25
2024-06,11216,1280.53
2024-06,11217,1452.17
2024-06,11218,971.93
2024-06,11219,980.08
2024-06,11220,1203.42
2024-06,11221,966.5
2024-06,11222,1572.32
2024-06,11223,900.62
2024-06,11224,1589.98
2024-06,11225,1232.46
2024-06,11226,1536.23
2024-06,11228,558.29
2024-06,11229,985.51
2024-06,11230,841.78
2024-06,11231,824.11
2024-06,11232,744.27
2024-06,11233,932.56
2024-06,11234,684.98
2024-06,11235,1326.79
2024-06,11236,940.04
2024-06,11237,1204.35
2024-06,11238,1071.39
2024-06,11239,295.0
2024-06,11241,546.84
2024-06,11242,547.78
2024-06,11249,1453.24
2024-06,11251,1058.98
2024-06,11354,2046.08
2024-06,11355,3482.83
2024-06,11356,698.63
2024-06,11357,695.06
2024-06,11358,1417.13
2024-06,11359,14.06
2024-06,11360,1103.48
2024-06,11361,1336.57
2024-06,11362,1125.29
2024-06,11363,486.84
2024-06,11364,1691.19
2024-06,11365,1230.94
2024-06,11366,390.19
2024-06,11367,1358.69
2024-06,11368,636.48
2024-06,11369,745.14
2024-06,11370,942.86
2024-06,11371,4132.71
2024-06,11372,1521.75
2024-06,11373,1118.81
2024-06,11374,1152.62
2024-06,11375,1591.35
2024-06,11377,818.62
2024-06,11378,479.11
2024-06,11379,635.41
2024-06,11385,985.77
2024-06,11411,739.22
2024-06,11412,666.4
2024-06,11413,585.65
2024-06,11414,1386.6
2024-06,11415,1421.75
2024-06,11416,848.28
2024-06,11417,879.64
2024-06,11418,667.84
2024-06,11419,1072.89
2024-06,11420,732.77
2024-06,11421,518.64
2024-06,11422,1071.46
2024-06,11423,705.4
2024-06,11426,1423.7
2024-06,11427,530.99
2024-06,11428,931.72
2024-06,11429,487.16
2024-06,11430,1765.79
2024-06,11432,897.19
2024-06,11433,517.08
2024-06,11434,904.79
2024-06,11435,842.8
2024-06,11436,703.72
2024-06,11520,734.02
2024-06,1155,783.31
2024-06,11581,779.52
2024-06,11691,894.9
2024-06,11692,690.02
2024-06,11693,812.34
2024-06,11694,756.45
2024-06,11695,8231.19
2024-06,11697,1126.26
2024-06,11714,735.76
2024-06,11743,693.31
2024-06,11791,262.77
2024-06,12345,2740.89
2024-06,14580,729.0
2024-06,18642,47.7
2024-06,33021,734.97
2024-06,33614,731.33
2024-06,48125,762.97
2024-06,55433,727.96
2024-06,89156,23.28
2024-06,92108,733.98
2024-07,0000,1.4
2024-07,00000,45.04
2024-07,00083,1.83
2024-07,07071,12976.83
2024-07,07078,735.43
2024-07,08050,1370.18
2024-07,08527,755.99
2024-07,10000,220.99
2024-07,10001,249.83
2024-07,10002,188.82
2024-07,10003,326.0
2024-07,10004,55.27
2024-07,10005,97.31
2024-07,10006,70.94
2024-07,10007,103.16
2024-07,10009,267.57
2024-07,10010,246.62
2024-07,10011,244.6
2024-07,10012,212.0
2024-07,10013,156.19
2024-07,10014,222.93
2024-07,10016,260.84
2024-07,10017,347.33
2024-07,10018,280.18
2024-07,10019,234.56
2024-07,10020,759.24
2024-07,10021,561.2
2024-07,10022,347.89
2024-07,10023,264.63
2024-07,10024,278.33
2024-07,10025,224.94
2024-07,10026,189.07
2024-07,10027,214.22
2024-07,10028,272.05
2024-07,10029,180.79
2024-07,10030,235.44
2024-07,10031,160.75
2024-07,10032,206.59
2024-07,10033,205.4
2024-07,10034,141.08
2024-07,10035,278.45
2024-07,10036,212.41
2024-07,10037,369.02
2024-07,10038,152.05
2024-07,10039,282.88
2024-07,10040,174.77
2024-07,10044,73.92
2024-07,10045,764.13
2024-07,10048,63.1
2024-07,10055,149.2
2024-07,10065,467.84
2024-07,10069,105.14
2024-07,10075,354.72
2024-07,10080,1.4
2024-07,10103,868.64
2024-07,10105,219.75
2024-07,10106,92.48
2024-07,10107,20.02
2024-07,10110,1.56
2024-07,10111,564.3
2024-07,10112,345.82
2024-07,10115,0.68
2024-07,10118,0.52
2024-07,10119,555.2
2024-07,10120,0.74
2024-07,10121,398.58
2024-07,10123,327.15
2024-07,10128,445.21
2024-07,10151,0.87
2024-07,10152,1.29
2024-07,10153,2.32
2024-07,10154,11.01
2024-07,10158,0.25
2024-07,10162,79.5
2024-07,10165,0.55
2024-07,10166,8.11
2024-07,10167,8.96
2024-07,10168,162.95
2024-07,10169,24.09
2024-07,10170,0.39
2024-07,10172,1.28
2024-07,10173,132.62
2024-07,10174,0.11
2024-07,10175,604.85
2024-07,10176,0.68
2024-07,10178,0.98
2024-07,10179,17.67
2024-07,10271,824.79
2024-07,10278,7.58
2024-07,10279,0.67
2024-07,10280,65.88
2024-07,10281,4.76
2024-07,10282,84.0
2024-07,10301,178.92
2024-07,10302,170.05
2024-07,10303,137.11
2024-07,10304,154.17
2024-07,10305,163.45
2024-07,10306,132.52
2024-07,10307,91.95
2024-07,10308,151.18
2024-07,10309,75.08
2024-07,10310,144.96
2024-07,10312,236.39
2024-07,10314,191.94
2024-07,10451,218.34
2024-07,10452,152.75
2024-07,10453,206.82
2024-07,10454,282.02
2024-07,10455,312.72
2024-07,10456,189.66
2024-07,10457,215.54
2024-07,10458,180.01
2024-07,10459,356.42
2024-07,10460,218.87
2024-07,10461,139.06
2024-07,10462,191.81
2024-07,10463,131.04
2024-07,10464,140.01
2024-07,10465,113.62
2024-07,10466,87.49
2024-07,10467,166.99
2024-07,10468,137.49
2024-07,10469,142.61
2024-07,10470,200.98
2024-07,10471,143.54
2024-07,10472,191.09
2024-07,10473,200.28
2024-07,10474,374.06
2024-07,10475,153.34
2024-07,10550,774.56
2024-07,10577,21.78
2024-07,10956,10.39
2024-07,11001,686.65
2024-07,11004,696.3
2024-07,11005,2330.58
2024-07,11040,522.08
2024-07,11101,211.4
2024-07,11102,462.38
2024-07,11103,231.75
2024-07,11104,231.44
2024-07,11105,345.12
2024-07,11106,570.47
2024-07,11109,71.36
2024-07,11201,239.98
2024-07,11203,256.17
2024-07,11204,293.68
2024-07,11205,201.25
2024-07,11206,211.34
2024-07,11207,170.58
2024-07,11208,168.65
2024-07,11209,160.6
2024-07,11210,355.06
2024-07,11211,338.77
2024-07,11212,337.12
2024-07,11213,213.42
2024-07,11214,149.6
2024-07,11215,471.3
2024-07,11216,215.01
2024-07,11217,279.37
2024-07,11218,288.71
2024-07,11219,188.95
2024-07,11220,198.63
2024-07,11221,223.75
2024-07,11222,242.63
2024-07,11223,179.55
2024-07,11224,128.54
2024-07,11225,181.7
2024-07,11226,241.97
2024-07,11228,328.82
2024-07,11229,390.77
2024-07,11230,218.13
2024-07,11231,324.8
2024-07,11232,127.48
2024-07,11233,334.61
2024-07,11234,178.39
2024-07,11235,220.75
2024-07,11236,265.77
2024-07,11237,206.32
2024-07,11238,401.14
2024-07,11239,43.39
2024-07,11241,2402.97
2024-07,11242,18.44
2024-07,11249,374.25
2024-07,11251,3.12
2024-07,11354,316.24
2024-07,11355,189.4
2024-07,11356,181.74
2024-07,11357,373.79
2024-07,11358,435.46
2024-07,11359,242.33
2024-07,11360,386.8
2024-07,11361,558.35
2024-07,11362,933.29
2024-07,11363,438.28
2024-07,11364,753.02
2024-07,11365,488.19
2024-07,11366,148.3
2024-07,11367,364.52
2024-07,11368,147.91
2024-07,11369,271.59
2024-07,11370,420.07
2024-07,11371,0.17
2024-07,11372,177.95
2024-07,11373,297.96
2024-07,11374,251.31
2024-07,11375,301.29
2024-07,11377,233.08
2024-07,11378,145.61
2024-07,11379,349.18
2024-07,11385,253.08
2024-07,11411,712.16
2024-07,11412,364.73
2024-07,11413,611.84
2024-07,11414,283.16
2024-07,11415,473.39
2024-07,11416,428.3
2024-07,11417,155.9
2024-07,11418,317.11
2024-07,11419,317.0
2024-07,11420,271.33
2024-07,11421,152.93
2024-07,11422,428.75
2024-07,11423,279.73
2024-07,11426,378.61
2024-07,11427,451.31
2024-07,11428,289.2
2024-07,11429,366.08
2024-07,11430,1238.37
2024-07,11432,127.32
2024-07,11433,284.7
2024-07,11434,254.14
2024-07,11435,208.55
2024-07,11436,191.06
2024-07,11691,424.44
2024-07,11692,323.63
2024-07,11693,303.87
2024-07,11694,624.77
2024-07,11695,118.83
2024-07,11697,307.2
2024-07,11747,6351.0
2024-07,11780,734.63
2024-07,11791,737.25
2024-07,17110,739.6
2024-07,19428,1656.38
2024-07,3361,1407.81
2024-07,33614,732.75
2024-07,37068,1634.78
2024-07,40202,760.89
2024-07,77491,91.37
2024-07,84043,24.69
2024-07,84058,736.31
2024-07,84117,777.83
2024-08,07660,59.8
2024-08,10000,610.55
2024-08,10001,361.45
2024-08,10002,224.72
2024-08,10003,300.38
2024-08,10004,65.1
2024-08,10005,104.39
2024-08,10006,53.31
2024-08,10007,76.09
2024-08,10009,254.25
2024-08,10010,313.3
2024-08,10011,267.93
2024-08,10012,246.87
2024-08,10013,169.8
2024-08,10014,247.07
2024-08,10016,366.99
2024-08,10017,260.1
2024-08,10018,291.03
2024-08,10019,304.49
2024-08,10020,1137.86
2024-08,10021,346.85
2024-08,10022,367.37
2024-08,10023,554.62
2024-08,10024,241.14
2024-08,10025,240.93
2024-08,10026,232.8
2024-08,10027,262.91
2024-08,10028,271.07
2024-08,10029,166.7
2024-08,10030,183.14
2024-08,10031,176.24
2024-08,10032,179.2
2024-08,10033,158.92
2024-08,10034,122.71
2024-08,10035,205.47
2024-08,10036,258.88
2024-08,10037,239.02
2024-08,10038,192.91
2024-08,10039,199.42
2024-08,10040,136.84
2024-08,10041,541.72
2024-08,10044,426.26
2024-08,10045,182.97
2024-08,10065,366.43
2024-08,10069,182.31
2024-08,10075,385.88
2024-08,10080,1.28
2024-08,10103,25.62
2024-08,10105,66.05
2024-08,10106,2486.37
2024-08,10107,2.9
2024-08,10110,1.44
2024-08,10111,3030.92
2024-08,10112,505.59
2024-08,10115,25.28
2024-08,10118,56.9
2024-08,10119,1757.63
2024-08,10120,122.35
2024-08,10121,1175.39
2024-08,10123,1.58
2024-08,10128,270.6
2024-08,10151,1.81
2024-08,10152,22.04
2024-08,10153,1.34
2024-08,10154,4.47
2024-08,10158,0.27
2024-08,10162,0.0
2024-08,10165,7.38
2024-08,10167,8.6
2024-08,10168,3.85
2024-08,10169,83.3
2024-08,10170,2.01
2024-08,10171,1.19
2024-08,10172,3.86
2024-08,10173,63.37
2024-08,10174,20.47
2024-08,10176,4.31
2024-08,10178,3.12
2024-08,10271,0.93
2024-08,10278,18.88
2024-08,10279,72.4
2024-08,10280,144.97
2024-08,10281,35.34
2024-08,10282,167.13
2024-08,10301,173.57
2024-08,10302,216.38
2024-08,10303,174.18
2024-08,10304,171.76
2024-08,10305,144.78
2024-08,10306,232.31
2024-08,10307,171.7
2024-08,10308,220.53
2024-08,10309,179.98
2024-08,10310,254.55
2024-08,10312,245.54
2024-08,10314,230.38
2024-08,10451,496.42
2024-08,10452,338.25
2024-08,10453,245.32
2024-08,10454,387.8
2024-08,10455,338.57
2024-08,10456,362.35
2024-08,10457,247.46
2024-08,10458,248.43
2024-08,10459,425.95
2024-08,10460,294.66
2024-08,10461,128.57
2024-08,10462,192.74
2024-08,10463,153.0
2024-08,10464,122.18
2024-08,10465,196.58
2024-08,10466,143.13
2024-08,10467,202.68
2024-08,10468,194.69
2024-08,10469,207.68
2024-08,10470,150.64
2024-08,10471,169.43
2024-08,10472,214.4
2024-08,10473,161.13
2024-08,10474,422.27
2024-08,10475,129.72
2024-08,11001,404.99
2024-08,11004,380.5
2024-08,11005,371.12
2024-08,11010,786.17
2024-08,11021,72.09
2024-08,11040,37.99
2024-08,11101,346.2
2024-08,11102,435.25
2024-08,11103,338.78
2024-08,11104,247.42
2024-08,11105,547.69
2024-08,11106,419.26
2024-08,11109,17.27
2024-08,11201,250.56
2024-08,11203,236.81
2024-08,11204,210.22
2024-08,11205,291.71
2024-08,11206,399.04
2024-08,11207,341.48
2024-08,11208,261.51
2024-08,11209,226.92
2024-08,11210,380.99
2024-08,11211,372.7
2024-08,11212,345.44
2024-08,11213,405.83
2024-08,11214,240.2
2024-08,11215,299.04
2024-08,11216,444.68
2024-08,11217,301.82
2024-08,11218,266.53
2024-08,11219,245.11
2024-08,11220,154.31
2024-08,11221,541.57
2024-08,11222,246.11
2024-08,11223,212.47
2024-08,11224,141.36
2024-08,11225,310.41
2024-08,11226,221.18
2024-08,11228,169.16
2024-08,11229,254.37
2024-08,11230,300.11
2024-08,11231,270.26
2024-08,11232,113.86
2024-08,11233,401.1
2024-08,11234,191.42
2024-08,11235,203.06
2024-08,11236,342.07
2024-08,11237,529.2
2024-08,11238,389.01
2024-08,11239,43.82
2024-08,11241,883.89
2024-08,11242,1849.25
2024-08,11249,233.23
2024-08,11354,578.81
2024-08,11355,906.41
2024-08,11356,808.92
2024-08,11357,951.97
2024-08,11358,648.37
2024-08,11359,130.25
2024-08,11360,464.96
2024-08,11361,336.08
2024-08,11362,727.22
2024-08,11363,442.58
2024-08,11364,400.72
2024-08,11365,382.62
2024-08,11366,143.75
2024-08,11367,541.51
2024-08,11368,258.9
2024-08,11369,545.51
2024-08,11370,421.1
2024-08,11371,1105.75
2024-08,11372,315.18
2024-08,11373,356.04
2024-08,11374,303.97
2024-08,11375,424.55
2024-08,11377,369.61
2024-08,11378,324.28
2024-08,11379,549.0
2024-08,11385,427.72
2024-08,11411,183.33
2024-08,11412,707.15
2024-08,11413,337.23
2024-08,11414,599.63
2024-08,11415,453.5
2024-08,11416,543.79
2024-08,11417,251.66
2024-08,11418,477.71
2024-08,11419,439.41
2024-08,11420,206.78
2024-08,11421,252.45
2024-08,11422,544.2
2024-08,11423,1030.54
2024-08,11426,1182.32
2024-08,11427,732.31
2024-08,11428,817.38
2024-08,11429,590.17
2024-08,11430,1472.76
2024-08,11432,244.5
2024-08,11433,566.23
2024-08,11434,340.99
2024-08,11435,429.48
2024-08,11436,464.75
2024-08,11561,50.11
2024-08,11691,183.97
2024-08,11692,219.06
2024-08,11693,167.69
2024-08,11694,419.72
2024-08,11697,763.09
2024-08,11747,789.6
2024-08,11749,38.99
2024-08,11767,786.57
2024-08,19013,735.61
2024-08,19034,733.43
2024-08,19082,19.04
2024-08,35244,726.17
2024-08,38153,784.86
2024-08,55439,828.41
2024-08,63045,1623.2
2024-08,84117,781.43
2024-08,91356,733.86
2024-08,91744,756.61
2024-09,02062,788.23
2024-09,08690,1045.75
2024-09,10000,31.0
2024-09,10001,329.7
2024-09,10002,150.0
2024-09,10003,207.75
2024-09,10004,71.03
2024-09,10005,72.03
2024-09,10006,70.04
2024-09,10007,87.18
2024-09,10009,219.95
2024-09,10010,257.95
2024-09,10011,224.21
2024-09,10012,149.71
2024-09,10013,114.19
2024-09,10014,287.22
2024-09,10016,264.37
2024-09,10017,339.91
2024-09,10018,297.46
2024-09,10019,378.24
2024-09,10020,914.04
2024-09,10021,213.62
2024-09,10022,316.03
2024-09,10023,238.24
2024-09,10024,234.53
2024-09,10025,190.03
2024-09,10026,168.26
2024-09,10027,238.26
2024-09,10028,189.85
2024-09,10029,252.4
2024-09,10030,161.21
2024-09,10031,128.05
2024-09,10032,151.37
2024-09,10033,130.5
2024-09,10034,102.36
2024-09,10035,344.67
2024-09,10036,285.49
2024-09,10037,220.94
2024-09,10038,141.9
2024-09,10039,229.9
2024-09,10040,124.15
2024-09,10041,8.46
2024-09,10044,189.68
2024-09,10045,1.16
2024-09,10048,1.65
2024-09,10065,275.59
2024-09,10069,82.95
2024-09,10075,322.68
2024-09,10080,1.97
2024-09,10103,1.74
2024-09,10105,478.75
2024-09,10106,4.37
2024-09,10107,33.9
2024-09,10110,5.0
2024-09,10111,634.67
2024-09,10112,990.11
2024-09,10115,1.12
2024-09,10118,1406.4
2024-09,10119,285.6
2024-09,10120,1.93
2024-09,10121,988.64
2024-09,10123,544.86
2024-09,10128,342.91
2024-09,10151,8.72
2024-09,10153,2.67
2024-09,10154,18.18
2024-09,10155,817.03
2024-09,10158,0.14
2024-09,10162,30.83
2024-09,10165,1124.48
2024-09,10166,1.59
2024-09,10167,54.86
2024-09,10168,378.45
2024-09,10169,87.46
2024-09,10170,0.29
2024-09,10171,1.13
2024-09,10174,0.32
2024-09,10175,1031.78
2024-09,10176,0.99
2024-09,10178,524.67
2024-09,10271,23.72
2024-09,10278,31.31
2024-09,10279,327.97
2024-09,10280,94.41
2024-09,10281,30.91
2024-09,10282,72.01
2024-09,10301,210.83
2024-09,10302,271.33
2024-09,10303,170.0
2024-09,10304,166.4
2024-09,10305,128.19
2024-09,10306,256.77
2024-09,10307,150.21
2024-09,10308,432.73
2024-09,10309,221.21
2024-09,10310,240.93
2024-09,10312,239.82
2024-09,10314,181.77
2024-09,10451,389.37
2024-09,10452,239.74
2024-09,10453,184.67
2024-09,10454,130.19
2024-09,10455,200.47
2024-09,10456,269.49
2024-09,10457,154.65
2024-09,10458,187.84
2024-09,10459,243.14
2024-09,10460,169.39
2024-09,10461,254.64
2024-09,10462,239.94
2024-09,10463,154.69
2024-09,10464,245.25
2024-09,10465,233.97
2024-09,10466,23.66
2024-09,10467,151.61
2024-09,10468,123.7
2024-09,10469,218.1
2024-09,10470,109.45
2024-09,10471,170.62
2024-09,10472,139.16
2024-09,10473,98.38
2024-09,10474,188.36
2024-09,10475,138.79
2024-09,11001,1373.84
2024-09,11004,831.13
2024-09,11005,19.65
2024-09,11010,738.29
2024-09,11040,602.8
2024-09,11101,310.58
2024-09,11102,532.4
2024-09,11103,354.75
2024-09,11104,421.94
2024-09,11105,495.9
2024-09,11106,445.42
2024-09,11109,79.12
2024-09,11201,244.31
2024-09,11203,223.28
2024-09,11204,200.56
2024-09,11205,344.39
2024-09,11206,572.25
2024-09,11207,334.49
2024-09,11208,250.92
2024-09,11209,261.45
2024-09,11210,718.64
2024-09,11211,355.71
2024-09,11212,450.68
2024-09,11213,394.57
2024-09,11214,421.25
2024-09,11215,338.16
2024-09,11216,1239.15
2024-09,11217,215.45
2024-09,11218,334.21
2024-09,11219,310.77
2024-09,11220,241.03
2024-09,11221,797.67
2024-09,11222,225.54
2024-09,11223,492.36
2024-09,11224,243.32
2024-09,11225,330.74
2024-09,11226,356.94
2024-09,11228,394.95
2024-09,11229,787.84
2024-09,11230,406.59
2024-09,11231,163.14
2024-09,11232,136.0
2024-09,11233,1026.68
2024-09,11234,849.88
2024-09,11235,344.89
2024-09,11236,420.11
2024-09,11237,323.44
2024-09,11238,486.76
2024-09,11239,58.98
2024-09,11241,697.9
2024-09,11249,349.55
2024-09,11354,412.53
2024-09,11355,344.62
2024-09,11356,392.06
2024-09,11357,531.8
2024-09,11358,324.82
2024-09,11359,2493.47
2024-09,11360,334.4
2024-09,11361,551.08
2024-09,11362,259.34
2024-09,11363,431.13
2024-09,11364,592.03
2024-09,11365,520.21
2024-09,11366,185.52
2024-09,11367,322.96
2024-09,11368,336.6
2024-09,11369,539.23
2024-09,11370,453.05
2024-09,11371,1323.03
2024-09,11372,197.88
2024-09,11373,306.08
2024-09,11374,379.25
2024-09,11375,324.4
2024-09,11377,377.31
2024-09,11378,331.26
2024-09,11379,494.48
2024-09,11385,422.94
2024-09,11411,794.48
2024-09,11412,218.43
2024-09,11413,410.88
2024-09,11414,438.94
2024-09,11415,556.29
2024-09,11416,378.5
2024-09,11417,362.71
2024-09,11418,408.43
2024-09,11419,632.67
2024-09,11420,405.61
2024-09,11421,330.89
2024-09,11422,568.63
2024-09,11423,405.11
2024-09,11426,999.21
2024-09,11427,838.88
2024-09,11428,720.53
2024-09,11429,560.44
2024-09,11430,1673.79
2024-09,11432,279.6
2024-09,11433,243.26
2024-09,11434,442.08
2024-09,11435,454.17
2024-09,11436,547.12
2024-09,11542,738.29
2024-09,11590,308.68
2024-09,11691,470.68
2024-09,11692,289.04
2024-09,11693,723.72
2024-09,11694,983.79
2024-09,11697,160.56
2024-09,11706,758.42
2024-09,11716,781.99
2024-09,11743,96.53
2024-09,12065,506.03
2024-09,12345,5.62
2024-09,14215,735.86
2024-09,17111,786.21
2024-09,18508,14.99
2024-09,28201,787.93
2024-09,46250,724.98
2024-09,50613,737.2
2024-09,61265,732.29
2024-09,75065,784.9
2024-09,89113,730.93
2024-10,00083,0.62
2024-10,07002,74.03
2024-10,10000,11116.56
2024-10,10001,1095.89
2024-10,10002,277.52
2024-10,10003,377.51
2024-10,10004,377.12
2024-10,10005,250.49
2024-10,10006,206.73
2024-10,10007,133.84
2024-10,10009,291.37
2024-10,10010,730.87
2024-10,10011,4182.55
2024-10,10012,161.59
2024-10,10013,207.4
2024-10,10014,691.54
2024-10,10016,3241.95
2024-10,10017,1093.5
2024-10,10018,205.66
2024-10,10019,518.63
2024-10,10020,534.2
2024-10,10021,431.97
2024-10,10022,434.7
2024-10,10023,12813.87
2024-10,10024,5894.75
2024-10,10025,2717.36
2024-10,10026,274.08
2024-10,10027,323.27
2024-10,10028,1572.53
2024-10,10029,228.4
2024-10,10030,222.44
2024-10,10031,126.25
2024-10,10032,254.18
2024-10,10033,218.34
2024-10,10034,99.02
2024-10,10035,194.37
2024-10,10036,331.01
2024-10,10037,248.6
2024-10,10038,230.57
2024-10,10039,226.54
2024-10,10040,132.55
2024-10,10041,27.01
2024-10,10044,1914.05
2024-10,10065,621.3
2024-10,10069,28.7
2024-10,10075,347.6
2024-10,10103,2146.83
2024-10,10105,253.73
2024-10,10106,617.1
2024-10,10107,5.48
2024-10,10110,1.19
2024-10,10111,180.0
2024-10,10112,463.4
2024-10,10115,2221.56
2024-10,10118,351.01
2024-10,10119,202.18
2024-10,10120,1.03
2024-10,10121,1336.06
2024-10,10123,7.77
2024-10,10128,2303.28
2024-10,10151,1988.85
2024-10,10153,234.56
2024-10,10154,5.48
2024-10,10158,0.62
2024-10,10162,1011.57
2024-10,10165,2039.94
2024-10,10167,1.49
2024-10,10168,578.3
2024-10,10169,83.59
2024-10,10170,551.58
2024-10,10171,44.06
2024-10,10172,587.55
2024-10,10173,4.72
2024-10,10174,98.79
2024-10,10175,1.78
2024-10,10176,3.54
2024-10,10177,1191.41
2024-10,10178,158.65
2024-10,10271,0.68
2024-10,10278,18.06
2024-10,10279,30.32
2024-10,10280,2713.08
2024-10,10281,96.24
2024-10,10282,329.01
2024-10,10301,240.87
2024-10,10302,240.54
2024-10,10303,241.06
2024-10,10304,263.7
2024-10,10305,250.35
2024-10,10306,373.36
2024-10,10307,260.41
2024-10,10308,949.09
2024-10,10309,361.26
2024-10,10310,278.21
2024-10,10312,301.28
2024-10,10314,356.19
2024-10,10451,174.01
2024-10,10452,86.3
2024-10,10453,142.27
2024-10,10454,162.81
2024-10,10455,125.59
2024-10,10456,132.06
2024-10,10457,120.1
2024-10,10458,105.22
2024-10,10459,144.15
2024-10,10460,131.85
2024-10,10461,159.25
2024-10,10462,133.68
2024-10,10463,109.14
2024-10,10464,214.57
2024-10,10465,205.96
2024-10,10466,44.14
2024-10,10467,139.21
2024-10,10468,106.13
2024-10,10469,195.57
2024-10,10470,123.09
2024-10,10471,305.88
2024-10,10472,106.51
2024-10,10473,126.04
2024-10,10474,140.55
2024-10,10475,117.84
2024-10,10803,166.08
2024-10,11001,578.64
2024-10,11004,444.38
2024-10,11005,1.38
2024-10,11010,124.77
2024-10,11021,1.02
2024-10,11040,610.96
2024-10,11101,225.73
2024-10,11102,552.78
2024-10,11103,528.86
2024-10,11104,241.57
2024-10,11105,502.65
2024-10,11106,381.29
2024-10,11109,50.82
2024-10,11201,1399.34
2024-10,11203,343.8
2024-10,11204,1127.32
2024-10,11205,559.19
2024-10,11206,268.74
2024-10,11207,305.78
2024-10,11208,434.44
2024-10,11209,257.59
2024-10,11210,802.25
2024-10,11211,724.62
2024-10,11212,285.82
2024-10,11213,451.47
2024-10,11214,378.72
2024-10,11215,879.97
2024-10,11216,920.92
2024-10,11217,850.7
2024-10,11218,1102.84
2024-10,11219,1366.71
2024-10,11220,361.9
2024-10,11221,251.4
2024-10,11222,846.66
2024-10,11223,394.67
2024-10,11224,189.94
2024-10,11225,330.81
2024-10,11226,275.94
2024-10,11228,379.91
2024-10,11229,804.21
2024-10,11230,1141.66
2024-10,11231,3480.08
2024-10,11232,248.38
2024-10,11233,406.36
2024-10,11234,840.39
2024-10,11235,383.33
2024-10,11236,555.02
2024-10,11237,158.57
2024-10,11238,1190.29
2024-10,11239,43.61
2024-10,11241,2.77
2024-10,11242,20.02
2024-10,11249,647.91
2024-10,11251,1.68
2024-10,11354,275.67
2024-10,11355,227.16
2024-10,11356,12159.34
2024-10,11357,8324.07
2024-10,11358,317.8
2024-10,11359,1022.65
2024-10,11360,401.31
2024-10,11361,607.87
2024-10,11362,380.98
2024-10,11363,102.71
2024-10,11364,546.02
2024-10,11365,423.97
2024-10,11366,454.38
2024-10,11367,270.18
2024-10,11368,225.28
2024-10,11369,377.11
2024-10,11370,289.64
2024-10,11371,13.9
2024-10,11372,223.91
2024-10,11373,255.22
2024-10,11374,247.15
2024-10,11375,338.08
2024-10,11377,254.19
2024-10,11378,191.17
2024-10,11379,308.16
2024-10,11385,277.03
2024-10,11411,462.03
2024-10,11412,511.9
2024-10,11413,274.83
2024-10,11414,10679.9
2024-10,11415,529.65
2024-10,11416,408.27
2024-10,11417,294.83
2024-10,11418,365.77
2024-10,11419,432.64
2024-10,11420,240.68
2024-10,11421,171.8
2024-10,11422,286.72
2024-10,11423,530.58
2024-10,11426,537.63
2024-10,11427,545.94
2024-10,11428,656.32
2024-10,11429,578.7
2024-10,11430,1156.47
2024-10,11432,299.28
2024-10,11433,273.79
2024-10,11434,336.24
2024-10,11435,217.44
2024-10,11436,280.93
2024-10,11550,168.41
2024-10,11580,734.86
2024-10,11590,737.1
2024-10,11691,373.21
2024-10,11692,249.14
2024-10,11693,322.17
2024-10,11694,1129.84
2024-10,11695,1971.61
2024-10,11697,109.42
2024-10,11788,38.26
2024-10,12345,1.31
2024-10,12747,726.64
2024-10,15212,734.6
2024-10,18508,26.59
2024-10,29603,733.34
2024-10,49204,406.36
2024-10,92108,731.53
2024-11,00083,0.48
2024-11,07080,738.06
2024-11,07470,733.59
2024-11,10000,167.95
2024-11,10001,243.54
2024-11,10002,170.8
2024-11,10003,303.65
2024-11,10004,92.75
2024-11,10005,134.35
2024-11,10006,58.62
2024-11,10007,81.65
2024-11,10009,127.6
2024-11,10010,237.78
2024-11,10011,277.24
2024-11,10012,172.0
2024-11,10013,155.27
2024-11,10014,239.12
2024-11,10016,272.27
2024-11,10017,193.52
2024-11,10018,353.43
2024-11,10019,351.76
2024-11,10020,751.4
2024-11,10021,360.49
2024-11,10022,327.2
2024-11,10023,280.39
2024-11,10024,309.21
2024-11,10025,231.26
2024-11,10026,203.46
2024-11,10027,246.28
2024-11,10028,408.88
2024-11,10029,425.9
2024-11,10030,189.54
2024-11,10031,163.6
2024-11,10032,244.62
2024-11,10033,242.61
2024-11,10034,181.25
2024-11,10035,343.98
2024-11,10036,267.44
2024-11,10037,248.58
2024-11,10038,168.14
2024-11,10039,193.16
2024-11,10040,115.79
2024-11,10041,268.73
2024-11,10044,400.55
2024-11,10045,1.56
2024-11,10048,3.17
2024-11,10065,291.85
2024-11,10069,113.26
2024-11,10075,401.37
2024-11,10103,84.31
2024-11,10105,2031.46
2024-11,10106,5.09
2024-11,10107,1684.3
2024-11,10110,198.8
2024-11,10112,0.3
2024-11,10115,9.62
2024-11,10118,34.03
2024-11,10119,719.8
2024-11,10120,2.17
2024-11,10121,595.28
2024-11,10128,225.62
2024-11,10152,1839.71
2024-11,10153,487.03
2024-11,10155,541.82
2024-11,10158,221.72
2024-11,10162,97.92
2024-11,10168,533.67
2024-11,10169,146.46
2024-11,10170,13.38
2024-11,10171,1.67
2024-11,10172,1651.76
2024-11,10173,1016.6
2024-11,10174,0.57
2024-11,10175,2.0
2024-11,10176,6.91
2024-11,10177,34.03
2024-11,10178,10.18
2024-11,10179,83.26
2024-11,10271,144.94
2024-11,10278,0.48
2024-11,10279,405.95
2024-11,10280,233.27
2024-11,10281,128.55
2024-11,10282,64.49
2024-11,10301,1160.66
2024-11,10302,1687.87
2024-11,10303,1485.98
2024-11,10304,1449.02
2024-11,10305,2117.42
2024-11,10306,3391.77
2024-11,10307,4051.44
2024-11,10308,4760.49
2024-11,10309,2606.49
2024-11,10310,2838.39
2024-11,10312,3911.09
2024-11,10314,3191.33
2024-11,10451,339.77
2024-11,10452,254.57
2024-11,10453,401.36
2024-11,10454,432.82
2024-11,10455,573.61
2024-11,10456,319.28
2024-11,10457,322.61
2024-11,10458,326.99
2024-11,10459,515.42
2024-11,10460,607.14
2024-11,10461,1624.88
2024-11,10462,581.82
2024-11,10463,498.41
2024-11,10464,3710.61
2024-11,10465,2692.24
2024-11,10466,269.55
2024-11,10467,475.39
2024-11,10468,331.09
2024-11,10469,2106.91
2024-11,10470,1036.83
2024-11,10471,1341.16
2024-11,10472,686.59
2024-11,10473,971.47
2024-11,10474,476.54
2024-11,10475,734.45
2024-11,10523,732.05
2024-11,10580,69.04
2024-11,10704,724.37
2024-11,11001,2988.2
2024-11,11004,6574.68
2024-11,11040,4222.84
2024-11,11042,24.98
2024-11,11101,452.68
2024-11,11102,752.96
2024-11,11103,734.89
2024-11,11104,831.26
2024-11,11105,1529.08
2024-11,11106,701.84
2024-11,11109,989.03
2024-11,11201,443.5
2024-11,11203,925.3
2024-11,11204,1614.46
2024-11,11205,606.73
2024-11,11206,621.16
2024-11,11207,843.43
2024-11,11208,849.87
2024-11,11209,1232.18
2024-11,11210,1536.21
2024-11,11211,841.21
2024-11,11212,471.18
2024-11,11213,508.92
2024-11,11214,1151.15
2024-11,11215,1402.23
2024-11,11216,721.02
2024-11,11217,839.04
2024-11,11218,1111.41
2024-11,11219,1252.79
2024-11,11220,979.13
2024-11,11221,739.35
2024-11,11222,1179.6
2024-11,11223,900.6
2024-11,11224,262.64
2024-11,11225,418.08
2024-11,11226,349.45
2024-11,11228,1566.66
2024-11,11229,1452.64
2024-11,11230,1349.44
2024-11,11231,1222.69
2024-11,11232,770.03
2024-11,11233,927.4
2024-11,11234,2502.9
2024-11,11235,941.09
2024-11,11236,1456.1
2024-11,11237,605.57
2024-11,11238,767.06
2024-11,11239,29.96
2024-11,11241,1.94
2024-11,11242,786.64
2024-11,11249,838.99
2024-11,11251,53.97
2024-11,11354,661.51
2024-11,11355,580.61
2024-11,11356,628.02
2024-11,11357,2639.86
2024-11,11358,1734.13
2024-11,11359,285.16
2024-11,11360,1190.06
2024-11,11361,1820.61
2024-11,11362,3977.4
2024-11,11363,4001.89
2024-11,11364,2631.85
2024-11,11365,1686.64
2024-11,11366,488.52
2024-11,11367,894.08
2024-11,11368,508.66
2024-11,11369,1077.35
2024-11,11370,1884.69
2024-11,11371,497.13
2024-11,11372,747.65
2024-11,11373,689.12
2024-11,11374,917.73
2024-11,11375,945.7
2024-11,11377,708.51
2024-11,11378,1462.0
2024-11,11379,2230.89
2024-11,11385,1211.29
2024-11,11411,2378.26
2024-11,11412,1795.19
2024-11,11413,2198.67
2024-11,11414,2310.21
2024-11,11415,1246.57
2024-11,11416,1011.25
2024-11,11417,1561.96
2024-11,11418,825.92
2024-11,11419,1058.12
2024-11,11420,1594.08
2024-11,11421,1003.71
2024-11,11422,2992.88
2024-11,11423,1005.79
2024-11,11426,3428.93
2024-11,11427,2042.8
2024-11,11428,1925.98
2024-11,11429,1395.62
2024-11,11430,1370.74
2024-11,11432,624.85
2024-11,11433,755.2
2024-11,11434,1701.64
2024-11,11435,547.01
2024-11,11436,1217.01
2024-11,11576,122.17
2024-11,11577,139.99
2024-11,11691,711.74
2024-11,11692,457.21
2024-11,11693,455.03
2024-11,11694,1616.9
2024-11,11695,8.84
2024-11,11697,43.34
2024-11,11706,728.55
2024-11,1172,214.36
2024-11,12345,1.86
2024-11,37072,807.04
2024-11,55439,372.45
2024-11,84020,730.8
2024-12,00083,0.37
2024-12,02062,725.29
2024-12,07080,1129.88
2024-12,10000,713.14
2024-12,10001,222.28
2024-12,10002,194.05
2024-12,10003,284.02
2024-12,10004,70.38
2024-12,10005,138.55
2024-12,10006,125.75
2024-12,10007,154.89
2024-12,10009,203.1
2024-12,10010,256.6
2024-12,10011,244.01
2024-12,10012,184.08
2024-12,10013,154.26
2024-12,10014,204.48
2024-12,10016,242.37
2024-12,10017,214.05
2024-12,10018,386.38
2024-12,10019,208.47
2024-12,10020,276.81
2024-12,10021,193.97
2024-12,10022,267.35
2024-12,10023,225.46
2024-12,10024,242.87
2024-12,10025,203.27
2024-12,10026,162.34
2024-12,10027,171.71
2024-12,10028,197.17
2024-12,10029,149.95
2024-12,10030,175.91
2024-12,10031,200.33
2024-12,10032,161.26
2024-12,10033,140.46
2024-12,10034,106.34
2024-12,10035,195.53
2024-12,10036,263.55
2024-12,10037,148.41
2024-12,10038,187.77
2024-12,10039,132.47
2024-12,10040,112.61
2024-12,10041,14.83
2024-12,10044,290.3
2024-12,10045,2.23
2024-12,10048,1.65
2024-12,10055,4.47
2024-12,10065,258.03
2024-12,10069,120.78
2024-12,10075,189.1
2024-12,10103,279.66
2024-12,10105,1009.38
2024-12,10106,985.53
2024-12,10110,1.88
2024-12,10111,381.74
2024-12,10112,1260.89
2024-12,10115,23.58
2024-12,10118,47.32
2024-12,10119,21.61
2024-12,10120,13.4
2024-12,10121,566.78
2024-12,10123,244.97
2024-12,10128,239.44
2024-12,10151,70.25
2024-12,10152,14.97
2024-12,10153,819.09
2024-12,10154,1.62
2024-12,10158,91.14
2024-12,10162,3.3
2024-12,10165,2216.68
2024-12,10167,0.85
2024-12,10168,63.57
2024-12,10169,94.69
2024-12,10170,129.63
2024-12,10171,1.2
2024-12,10172,55.89
2024-12,10173,0.65
2024-12,10174,135.39
2024-12,10175,0.55
2024-12,10176,3.79
2024-12,10178,630.02
2024-12,10271,0.81
2024-12,10278,15.11
2024-12,10279,47.49
2024-12,10280,65.7
2024-12,10281,1.01
2024-12,10282,180.03
2024-12,10301,276.98
2024-12,10302,454.14
2024-12,10303,335.98
2024-12,10304,361.58
2024-12,10305,472.68
2024-12,10306,753.58
2024-12,10307,772.5
2024-12,10308,740.62
2024-12,10309,605.51
2024-12,10310,385.58
2024-12,10312,731.3
2024-12,10314,545.77
2024-12,10400,9.57
2024-12,10451,187.29
2024-12,10452,126.07
2024-12,10453,121.79
2024-12,10454,153.31
2024-12,10455,145.72
2024-12,10456,119.18
2024-12,10457,135.94
2024-12,10458,145.74
2024-12,10459,180.12
2024-12,10460,160.5
2024-12,10461,251.22
2024-12,10462,139.24
2024-12,10463,115.06
2024-12,10464,464.84
2024-12,10465,329.38
2024-12,10466,23.7
2024-12,10467,140.83
2024-12,10468,121.36
2024-12,10469,203.17
2024-12,10470,138.35
2024-12,10471,125.21
2024-12,10472,155.62
2024-12,10473,147.58
2024-12,10474,189.88
2024-12,10475,178.76
2024-12,10502,1025.61
2024-12,10710,756.56
2024-12,11001,542.28
2024-12,11004,1075.91
2024-12,11005,287.88
2024-12,11040,229.33
2024-12,11101,137.23
2024-12,11102,219.97
2024-12,11103,123.46
2024-12,11104,251.49
2024-12,11105,201.89
2024-12,11106,229.16
2024-12,11109,94.12
2024-12,11201,161.17
2024-12,11203,308.27
2024-12,11204,252.0
2024-12,11205,137.96
2024-12,11206,232.29
2024-12,11207,199.74
2024-12,11208,232.8
2024-12,11209,159.75
2024-12,11210,1166.82
2024-12,11211,283.43
2024-12,11212,201.09
2024-12,11213,211.63
2024-12,11214,327.82
2024-12,11215,333.93
2024-12,11216,263.02
2024-12,11217,173.04
2024-12,11218,191.63
2024-12,11219,253.34
2024-12,11220,197.15
2024-12,11221,221.94
2024-12,11222,165.46
2024-12,11223,264.14
2024-12,11224,244.07
2024-12,11225,327.42
2024-12,11226,158.21
2024-12,11228,250.21
2024-12,11229,296.57
2024-12,11230,346.35
2024-12,11231,168.74
2024-12,11232,163.83
2024-12,11233,246.61
2024-12,11234,2448.92
2024-12,11235,341.3
2024-12,11236,1730.46
2024-12,11237,220.43
2024-12,11238,271.75
2024-12,11239,127.95
2024-12,11242,97.35
2024-12,11249,207.64
2024-12,11354,229.95
2024-12,11355,212.93
2024-12,11356,320.35
2024-12,11357,796.54
2024-12,11358,248.22
2024-12,11359,432.77
2024-12,11360,292.48
2024-12,11361,389.62
2024-12,11362,547.22
2024-12,11363,485.84
2024-12,11364,469.43
2024-12,11365,182.23
2024-12,11366,87.82
2024-12,11367,397.21
2024-12,11368,195.99
2024-12,11369,305.07
2024-12,11370,420.58
2024-12,11371,751.35
2024-12,11372,181.59
2024-12,11373,219.62
2024-12,11374,163.83
2024-12,11375,337.51
2024-12,11377,180.77
2024-12,11378,173.02
2024-12,11379,245.91
2024-12,11385,194.38
2024-12,11411,604.99
2024-12,11412,367.22
2024-12,11413,423.12
2024-12,11414,324.74
2024-12,11415,628.61
2024-12,11416,259.6
2024-12,11417,463.23
2024-12,11418,222.0
2024-12,11419,202.57
2024-12,11420,481.29
2024-12,11421,98.14
2024-12,11422,286.44
2024-12,11423,280.2
2024-12,11426,489.33
2024-12,11427,413.18
2024-12,11428,219.41
2024-12,11429,386.15
2024-12,11430,1365.25
2024-12,11432,183.03
2024-12,11433,377.26
2024-12,11434,361.86
2024-12,11435,176.07
2024-12,11436,226.55
2024-12,11552,734.1
2024-12,11691,196.63
2024-12,11692,156.91
2024-12,11693,177.08
2024-12,11694,428.98
2024-12,11697,339.35
2024-12,11767,42.19
2024-12,11801,733.57
2024-12,12345,7.36
2024-12,12528,737.87
2024-12,40031,912.69
2024-12,72712,72.53
2024-12,75262,903.82
2024-12,77491,18.32
2024-12,92660,733.76
